HH,DD,FH,T,SQ,Q,EUR
0,210,80,79,0,0,10
1,210,70,80,0,0,10
2,210,70,79,0,0,10
3,210,80,77,0,0,10
4,210,80,76,0,0,0
5,210,90,77,0,0,0
6,210,80,76,0,0,0
7,210,90,75,0,0,0
8,210,90,74,0,3,0
9,210,90,79,0,8,10
10,210,100,83,0,9,20
11,210,100,86,0,11,20
12,210,100,88,0,11,30
13,210,100,89,0,6,40
14,210,100,93,0,3,30
15,210,100,96,0,1,20
16,210,100,97,0,0,20
17,280,80,68,0,0,40
18,260,40,63,0,0,60
19,280,50,52,0,0,60
20,250,50,47,0,0,50
21,250,40,48,0,0,40
22,250,50,49,0,0,30
23,240,40,50,0,0,30
0,250,40,49,0,0,50
1,220,40,49,0,0,60
2,250,20,48,0,0,60
3,260,20,47,0,0,60
4,250,10,39,0,0,50
5,250,20,30,0,0,60
6,240,20,29,0,0,100
7,50,10,16,0,0,130
8,230,10,25,3,15,140
9,280,10,41,7,40,140
10,280,10,54,10,78,130
11,270,20,57,7,72,130
12,290,30,47,0,34,130
13,340,40,25,3,31,120
14,280,20,29,7,24,130
15,280,30,20,0,3,130
16,250,20,18,0,0,140
17,230,20,14,0,0,150
18,250,30,15,0,0,150
19,260,30,18,0,0,150
20,240,30,13,0,0,130
21,250,30,13,0,0,120
22,250,30,20,0,0,120
23,260,30,20,0,0,110
0,280,30,17,0,0,110
1,280,20,10,0,0,100
2,260,30,13,0,0,90
3,220,20,11,0,0,90
4,240,30,15,0,0,80
5,250,30,15,0,0,100
6,240,30,10,0,0,110
7,250,30,4,0,1,110
8,240,30,10,7,19,120
9,250,30,23,10,49,150
10,250,40,35,10,80,150
11,250,50,35,2,47,100
12,250,40,36,0,16,100
13,250,50,40,0,23,100
14,260,40,43,3,17,100
15,270,50,30,0,1,120
16,270,40,27,0,0,130
17,250,20,26,0,0,160
18,250,20,25,0,0,170
19,240,20,19,0,0,160
20,240,20,19,0,0,150
21,240,20,21,0,0,120
22,240,20,22,0,0,140
23,210,20,21,0,0,140
0,240,30,24,0,0,120
1,210,20,19,0,0,110
2,230,20,18,0,0,100
3,210,20,15,0,0,90
4,210,30,19,0,0,100
5,210,30,14,0,0,100
6,200,20,10,0,0,110
7,200,20,6,0,0,120
8,200,30,7,0,10,130
9,210,30,9,0,24,130
10,200,30,15,0,37,130
11,200,30,22,0,46,130
12,200,40,24,0,51,130
13,180,30,27,8,46,130
14,170,30,23,10,21,140
15,190,30,14,0,3,140
16,160,20,11,0,0,140
17,170,20,10,0,0,140
18,150,20,10,0,0,140
19,140,20,8,0,0,140
20,120,20,7,0,0,130
21,110,20,10,0,0,120
22,110,30,13,0,0,120
23,110,30,12,0,0,110
0,110,30,12,0,0,110
1,120,40,11,0,0,80
2,100,40,3,0,0,70
3,100,40,1,0,0,60
4,100,50,0,0,0,60
5,110,50,1,0,0,50
6,110,50,3,0,0,50
7,120,50,4,0,0,50
8,110,50,6,0,2,60
9,130,40,10,0,6,60
10,150,30,18,0,9,60
11,180,30,44,0,12,60
12,220,50,112,0,9,70
13,220,60,112,0,8,60
14,220,70,114,0,4,50
15,220,70,112,0,1,40
16,210,60,115,0,0,40
17,210,60,111,0,0,60
18,210,70,113,0,0,60
19,210,70,112,0,0,50
20,210,70,111,0,0,40
21,200,70,110,0,0,40
22,190,80,108,0,0,30
23,200,80,107,0,0,20
0,200,80,109,0,0,20
1,190,70,108,0,0,10
2,190,80,110,0,0,0
3,190,80,109,0,0,0
4,180,80,109,0,0,0
5,180,100,111,0,0,0
6,190,110,110,0,0,10
7,190,100,115,0,0,40
8,190,110,114,0,4,60
9,190,120,117,0,11,50
10,180,120,121,0,22,40
11,190,120,113,0,16,40
12,220,110,103,0,11,30
13,230,100,79,0,18,30
14,240,110,61,0,6,40
15,240,90,57,0,1,40
16,240,80,57,0,0,40
17,230,70,54,0,0,70
18,230,60,57,0,0,110
19,220,50,53,0,0,90
20,210,50,56,0,0,70
21,220,60,57,0,0,50
22,210,60,52,0,0,50
23,220,50,47,0,0,40
0,220,40,44,0,0,20
1,220,50,40,0,0,10
2,220,50,38,0,0,10
3,220,40,32,0,0,10
4,220,50,29,0,0,0
5,210,40,27,0,0,10
6,210,30,27,0,0,60
7,220,40,32,0,0,100
8,210,40,21,0,2,130
9,210,40,27,2,30,110
10,220,50,40,2,45,100
11,210,60,43,8,82,70
12,220,60,38,2,45,70
13,220,60,41,0,16,70
14,220,60,29,0,11,80
15,220,40,34,0,1,80
16,240,40,36,0,0,100
17,240,40,37,0,0,120
18,240,40,37,0,0,140
19,220,40,32,0,0,140
20,240,40,32,0,0,120
21,220,40,31,0,0,110
22,220,30,29,0,0,110
23,230,30,30,0,0,110
0,200,30,23,0,0,80
1,210,30,20,0,0,80
2,220,30,16,0,0,60
3,220,30,14,0,0,50
4,210,30,9,0,0,60
5,210,30,10,0,0,70
6,210,30,6,0,0,100
7,210,30,3,0,1,130
8,210,30,7,5,14,140
9,200,30,10,2,29,140
10,220,30,20,0,42,140
11,200,20,29,0,41,110
12,190,10,38,0,46,100
13,190,20,39,0,33,100
14,150,20,35,0,12,110
15,140,20,30,0,2,130
16,130,20,29,0,0,140
17,80,20,26,0,0,150
18,70,30,28,0,0,150
19,60,30,24,0,0,140
20,50,30,3,0,0,130
21,40,30,3,0,0,120
22,60,40,7,0,0,110
23,70,30,8,0,0,100
0,10,10,8,0,0,90
1,10,30,9,0,0,90
2,20,20,5,0,0,90
3,10,30,7,0,0,80
4,20,30,6,0,0,80
5,360,30,8,0,0,80
6,10,30,11,0,0,90
7,350,30,3,0,0,110
8,330,20,2,0,1,130
9,260,20,3,0,9,120
10,270,20,6,0,36,120
11,270,30,24,10,96,110
12,280,40,23,3,49,110
13,250,30,25,0,31,100
14,260,30,26,8,29,100
15,240,30,21,2,10,100
16,260,40,28,0,0,120
17,260,30,21,0,0,130
18,250,30,22,0,0,140
19,250,30,19,0,0,140
20,250,30,19,0,0,120
21,240,30,12,0,0,110
22,240,30,19,0,0,100
23,240,40,26,0,0,100
0,260,40,22,0,0,90
1,260,40,21,0,0,80
2,250,30,18,0,0,70
3,230,30,13,0,0,70
4,230,30,9,0,0,70
5,210,30,8,0,0,80
6,210,30,3,0,0,100
7,210,30,2,0,1,130
8,220,30,6,7,20,140
9,220,30,16,10,58,140
10,230,30,30,10,90,120
11,250,30,38,10,94,110
12,260,30,45,10,92,110
13,260,30,40,8,60,110
14,260,30,38,5,23,110
15,250,20,27,2,6,130
16,240,30,21,0,0,140
17,270,30,8,0,0,140
18,260,20,12,0,0,140
19,240,20,13,0,0,140
20,230,20,2,0,0,130
21,340,20,7,0,0,120
22,210,10,-1,0,0,120
23,230,10,-16,0,0,110
0,240,10,-24,0,0,110
1,190,10,-22,0,0,100
2,0,10,-45,0,0,100
3,240,10,-30,0,0,90
4,280,0,-42,0,0,90
5,220,10,-41,0,0,90
6,210,10,-47,0,0,100
7,200,10,-36,0,1,110
8,210,20,-30,0,10,120
9,200,10,-17,0,25,130
10,220,10,-4,0,38,120
11,210,20,-7,0,36,100
12,220,20,-6,0,34,100
13,210,30,-5,0,30,90
14,220,20,-4,0,14,100
15,210,20,-4,0,3,110
16,230,20,-5,0,0,110
17,240,20,-5,0,0,120
18,240,20,-2,0,0,120
19,270,30,2,0,0,130
20,270,10,-4,0,0,120
21,270,20,-24,0,0,120
22,290,20,-5,0,0,120
23,270,20,3,0,0,110
0,990,10,3,0,0,130
1,990,10,0,0,0,110
2,300,0,-2,0,0,90
3,340,20,17,0,0,90
4,260,10,-3,0,0,80
5,0,10,1,0,0,90
6,270,10,4,0,0,90
7,270,10,-4,0,1,100
8,0,10,4,0,7,110
9,270,20,25,0,27,120
10,310,20,43,0,42,120
11,320,20,50,0,54,110
12,320,20,57,3,57,100
13,350,20,58,10,70,100
14,330,20,39,5,23,100
15,310,10,15,0,5,110
16,280,10,33,0,0,130
17,290,10,6,0,0,140
18,270,10,11,0,0,150
19,0,0,13,0,0,140
20,0,10,14,0,0,130
21,100,0,13,0,0,130
22,0,10,13,0,0,120
23,0,10,16,0,0,110
0,990,0,14,0,0,110
1,90,10,8,0,0,110
2,150,10,8,0,0,100
3,0,0,-4,0,0,100
4,0,10,-9,0,0,100
5,160,10,-18,0,0,110
6,200,10,-21,0,0,130
7,180,10,-28,0,1,160
8,190,10,-14,10,37,200
9,190,20,23,10,79,160
10,190,20,38,10,89,130
11,200,30,45,10,102,120
12,170,30,47,10,98,110
13,180,30,43,10,79,100
14,160,30,35,10,48,110
15,220,20,8,3,11,120
16,180,10,3,0,0,130
17,180,10,-19,0,0,150
18,190,20,-6,0,0,160
19,180,20,-5,0,0,160
20,170,20,-28,0,0,140
21,180,10,-31,0,0,120
22,170,20,-36,0,0,120
23,170,20,-32,0,0,120
0,190,30,-27,0,0,120
1,220,20,-22,0,0,120
2,240,20,-38,0,0,110
3,200,20,-29,0,0,110
4,190,30,-34,0,0,110
5,200,30,-25,0,0,110
6,200,30,-21,0,0,140
7,200,40,-17,0,2,160
8,210,30,-9,5,17,190
9,220,30,-1,3,32,150
10,200,30,12,0,44,130
11,220,30,25,0,56,110
12,220,40,29,0,43,110
13,220,40,41,8,65,110
14,250,30,46,8,26,120
15,230,30,43,2,7,130
16,230,20,41,0,0,140
17,220,30,42,0,0,170
18,230,20,36,0,0,190
19,230,20,33,0,0,190
20,220,20,36,0,0,150
21,230,20,37,0,0,130
22,240,20,41,0,0,130
23,230,20,44,0,0,120
0,240,20,46,0,0,120
1,230,20,47,0,0,120
2,250,20,48,0,0,120
3,260,10,51,0,0,110
4,230,10,53,0,0,110
5,270,10,52,0,0,120
6,210,10,52,0,0,140
7,300,10,58,0,1,190
8,320,10,58,0,8,290
9,350,10,61,0,20,290
10,200,10,62,0,32,260
11,270,10,65,0,33,220
12,300,20,67,0,27,200
13,0,10,68,0,20,190
14,290,20,66,0,11,210
15,20,20,62,0,3,200
16,130,10,61,0,0,210
17,180,10,61,0,0,260
18,150,10,61,0,0,260
19,110,10,61,0,0,240
20,110,10,60,0,0,170
21,140,10,58,0,0,150
22,190,10,55,0,0,140
23,200,10,56,0,0,120
0,190,10,52,0,0,130
1,140,10,52,0,0,120
2,120,20,51,0,0,110
3,130,10,50,0,0,100
4,130,20,43,0,0,100
5,120,20,35,0,0,110
6,130,20,31,0,0,130
7,130,30,25,0,1,160
8,130,30,18,0,6,200
9,120,30,12,0,14,180
10,120,30,16,0,20,150
11,150,20,18,0,22,140
12,150,30,23,0,22,130
13,120,30,23,0,15,130
14,160,30,18,0,9,120
15,170,30,19,0,3,140
16,150,30,19,0,0,150
17,110,20,17,0,0,170
18,130,20,19,0,0,180
19,150,20,18,0,0,180
20,100,20,17,0,0,160
21,140,20,19,0,0,140
22,160,30,21,0,0,140
23,150,30,19,0,0,120
0,170,30,16,0,0,110
1,190,20,13,0,0,110
2,240,20,4,0,0,110
3,200,20,-1,0,0,110
4,190,10,5,0,0,110
5,150,10,4,0,0,110
6,200,10,3,0,0,140
7,250,10,5,0,1,180
8,180,10,6,0,5,210
9,990,10,8,0,12,180
10,190,10,11,0,19,150
11,230,10,8,0,22,140
12,330,10,11,0,21,130
13,0,10,11,0,15,120
14,120,10,8,0,10,130
15,150,10,7,0,3,140
16,110,10,3,0,0,150
17,990,10,0,0,0,170
18,50,10,-2,0,0,180
19,40,20,-3,0,0,170
20,110,20,-7,0,0,160
21,110,20,-9,0,0,140
22,90,20,-17,0,0,140
23,80,20,-15,0,0,130
0,100,20,-11,0,0,130
1,100,20,-9,0,0,120
2,100,20,-7,0,0,120
3,70,20,-4,0,0,120
4,60,20,-5,0,0,120
5,60,30,-5,0,0,120
6,80,30,-8,0,0,120
7,70,30,-8,0,1,130
8,100,30,-9,0,7,150
9,100,40,-6,0,16,140
10,130,30,-4,0,31,130
11,100,20,0,0,33,120
12,110,20,0,0,28,120
13,100,20,4,0,19,120
14,110,20,3,0,10,120
15,110,20,4,0,3,130
16,120,20,6,0,0,130
17,130,30,3,0,0,150
18,150,20,3,0,0,170
19,190,20,0,0,0,170
20,180,20,0,0,0,160
21,180,20,0,0,0,140
22,180,20,0,0,0,140
23,160,20,-1,0,0,130
0,140,20,-3,0,0,130
1,990,20,-6,0,0,120
2,210,10,-7,0,0,120
3,160,10,-8,0,0,120
4,180,20,-11,0,0,120
5,170,20,-12,0,0,120
6,180,20,-13,0,0,120
7,140,10,-13,0,0,120
8,990,10,-14,0,4,120
9,70,10,-13,0,10,130
10,990,10,-12,0,13,130
11,260,10,-12,0,19,120
12,340,10,-11,0,19,110
13,990,10,-11,0,14,110
14,260,10,-10,0,8,120
15,360,10,-13,0,3,120
16,0,10,-14,0,0,140
17,180,10,-14,0,0,150
18,990,10,-15,0,0,160
19,220,10,-15,0,0,160
20,270,10,-16,0,0,150
21,300,20,-18,0,0,140
22,990,10,-16,0,0,130
23,100,10,-18,0,0,120
0,340,10,-16,0,0,120
1,0,10,-15,0,0,120
2,160,10,-14,0,0,120
3,330,20,-15,0,0,110
4,140,10,-15,0,0,120
5,990,10,-13,0,0,120
6,310,10,-11,0,0,150
7,0,10,-11,0,1,220
8,140,10,-9,0,6,340
9,140,20,-10,0,14,290
10,170,20,-7,0,14,240
11,180,20,-3,0,17,190
12,210,20,-4,0,12,180
13,180,20,-2,0,15,170
14,190,30,-1,0,13,190
15,190,20,0,0,7,240
16,180,20,0,0,0,290
17,160,20,-1,0,0,380
18,190,30,0,0,0,470
19,170,20,-1,0,0,300
20,160,20,-3,0,0,220
21,180,20,-4,0,0,170
22,190,30,-4,0,0,150
23,200,20,-5,0,0,140
0,200,20,-5,0,0,140
1,180,20,-4,0,0,140
2,170,30,-7,0,0,130
3,170,30,-9,0,0,120
4,180,40,-10,0,0,110
5,170,30,-10,0,0,120
6,210,30,-10,0,0,140
7,200,30,-11,0,1,180
8,180,30,-8,0,14,240
9,220,30,-10,0,27,210
10,180,20,-8,0,27,200
11,200,20,-9,0,32,160
12,160,20,-9,0,30,150
13,160,30,-9,0,26,140
14,140,20,-5,0,17,150
15,140,20,-7,0,6,170
16,110,20,-8,0,0,180
17,100,20,-9,0,0,230
18,70,10,-16,0,0,220
19,50,20,-27,0,0,190
20,60,20,-23,0,0,170
21,110,30,-8,0,0,150
22,100,30,-12,0,0,140
23,100,10,-25,0,0,130
0,130,10,-12,0,0,130
1,100,10,-18,0,0,120
2,0,20,-9,0,0,120
3,110,10,-13,0,0,110
4,130,10,-4,0,0,110
5,130,20,-1,0,0,120
6,130,30,2,0,0,130
7,130,20,-1,0,2,160
8,140,10,7,0,11,210
9,130,20,14,0,18,200
10,140,20,25,0,25,180
11,160,20,37,0,33,170
12,150,30,38,0,18,160
13,160,20,43,0,14,170
14,170,30,45,0,10,180
15,170,30,45,0,3,190
16,180,20,44,0,0,180
17,190,20,44,0,0,170
18,210,10,47,0,0,170
19,260,10,45,0,0,170
20,280,20,41,0,0,140
21,270,20,38,0,0,130
22,260,20,37,0,0,130
23,260,20,37,0,0,120
0,270,20,42,0,0,110
1,270,30,44,0,0,110
2,260,20,46,0,0,110
3,260,30,46,0,0,100
4,260,30,49,0,0,100
5,260,40,48,0,0,100
6,250,40,42,0,0,110
7,240,40,42,0,1,140
8,230,40,44,2,16,160
9,210,40,46,0,27,160
10,210,40,51,0,35,140
11,210,50,59,2,60,120
12,200,50,59,0,38,100
13,200,70,62,0,40,100
14,190,70,63,5,26,90
15,190,70,59,0,9,100
16,190,80,53,0,1,100
17,190,80,56,0,0,110
18,200,80,58,0,0,120
19,210,60,64,0,0,110
20,210,60,67,0,0,90
21,210,60,69,0,0,80
22,220,50,65,0,0,80
23,220,40,59,0,0,60
0,200,40,52,0,0,70
1,190,40,52,0,0,60
2,190,50,54,0,0,50
3,190,60,60,0,0,40
4,170,70,74,0,0,40
5,170,70,76,0,0,60
6,190,80,82,0,0,70
7,190,80,84,0,1,100
8,190,90,73,0,5,110
9,190,100,67,0,12,100
10,190,90,70,0,12,90
11,200,80,81,0,10,80
12,210,80,83,0,13,80
13,210,70,85,0,8,80
14,210,70,91,0,11,80
15,210,60,91,0,6,80
16,210,50,91,0,0,80
17,200,50,87,0,0,90
18,210,40,86,0,0,100
19,200,40,82,0,0,100
20,200,40,79,0,0,90
21,200,30,75,0,0,80
22,190,20,71,0,0,90
23,180,30,67,0,0,90
0,160,30,66,0,0,60
1,160,30,62,0,0,60
2,100,20,60,0,0,70
3,10,20,59,0,0,70
4,340,30,59,0,0,60
5,330,30,57,0,0,60
6,0,10,55,0,0,60
7,200,10,52,0,0,70
8,210,20,58,0,10,80
9,190,20,61,0,20,80
10,200,30,67,0,42,80
11,230,30,74,0,43,80
12,270,40,71,0,21,80
13,280,40,67,0,25,80
14,280,30,67,3,32,80
15,320,20,48,5,10,100
16,0,10,35,0,0,120
17,0,10,27,0,0,130
18,990,10,26,0,0,140
19,10,20,39,0,0,140
20,10,20,39,0,0,130
21,10,20,40,0,0,120
22,90,20,32,0,0,120
23,20,20,38,0,0,110
0,360,20,38,0,0,110
1,330,20,32,0,0,100
2,360,20,35,0,0,90
3,110,10,30,0,0,90
4,290,20,23,0,0,80
5,110,20,17,0,0,90
6,130,20,14,0,0,90
7,180,20,8,0,2,100
8,210,20,20,8,35,100
9,190,30,30,10,70,100
10,170,50,21,8,73,80
11,160,50,22,0,42,100
12,160,60,31,0,42,90
13,170,70,37,0,24,70
14,170,60,39,0,24,70
15,140,60,38,7,13,90
16,140,60,38,0,0,90
17,140,70,38,0,0,100
18,140,80,39,0,0,100
19,150,70,43,0,0,80
20,160,70,57,0,0,70
21,160,60,65,0,0,60
22,160,50,71,0,0,40
23,150,40,72,0,0,20
0,150,40,80,0,0,30
1,140,50,77,0,0,30
2,170,70,84,0,0,10
3,190,90,89,0,0,10
4,210,80,100,0,0,10
5,230,70,94,0,0,20
6,220,60,96,0,0,40
7,210,60,88,0,2,50
8,200,70,94,3,25,70
9,210,70,105,7,66,60
10,200,70,103,4,60,40
11,220,70,109,10,114,40
12,220,80,113,10,115,40
13,220,70,108,10,85,40
14,200,60,105,8,59,40
15,200,70,96,7,24,70
16,190,60,84,0,1,80
17,180,50,76,0,0,100
18,190,60,88,0,0,100
19,190,80,83,0,0,90
20,180,60,80,0,0,80
21,200,60,73,0,0,70
22,190,70,69,0,0,70
23,180,80,72,0,0,60
0,170,60,66,0,0,40
1,180,60,61,0,0,30
2,170,60,59,0,0,20
3,170,60,64,0,0,30
4,170,70,67,0,0,30
5,180,80,70,0,0,30
6,180,80,73,0,0,50
7,180,80,75,0,1,70
8,180,80,80,0,13,90
9,180,80,86,0,38,90
10,180,90,87,0,39,90
11,190,80,85,0,24,90
12,190,80,86,0,31,90
13,190,70,87,0,21,90
14,180,80,89,0,19,90
15,160,80,82,0,6,70
16,170,70,80,0,0,90
17,170,70,75,0,0,80
18,180,60,77,0,0,110
19,170,70,75,0,0,110
20,190,70,78,0,0,80
21,200,70,78,0,0,60
22,210,60,75,0,0,50
23,230,50,76,0,0,50
0,250,50,74,0,0,70
1,260,60,70,0,0,70
2,260,60,70,0,0,60
3,260,50,65,0,0,50
4,240,50,63,0,0,60
5,250,50,63,0,0,60
6,240,50,58,0,0,80
7,230,40,58,0,2,100
8,230,40,63,5,26,130
9,220,40,71,5,62,120
10,230,40,81,7,82,90
11,230,50,81,5,55,80
12,220,50,86,4,59,80
13,230,40,87,0,39,80
14,210,40,85,8,43,80
15,210,30,81,7,17,100
16,200,30,67,0,1,130
17,200,30,65,0,0,150
18,180,20,53,0,0,150
19,190,20,57,0,0,150
20,190,30,60,0,0,130
21,160,20,55,0,0,120
22,150,20,53,0,0,120
23,130,10,54,0,0,100
0,140,10,54,0,0,110
1,140,10,50,0,0,110
2,340,20,54,0,0,100
3,360,20,54,0,0,90
4,350,20,54,0,0,80
5,350,20,55,0,0,90
6,20,30,52,0,0,130
7,350,20,54,0,2,150
8,350,20,57,0,12,160
9,330,20,61,0,17,150
10,340,30,62,0,19,130
11,330,30,61,0,12,120
12,320,30,60,0,21,120
13,310,30,60,0,26,110
14,320,20,62,0,25,120
15,310,20,53,7,24,130
16,290,20,34,0,1,130
17,280,30,29,0,0,170
18,270,20,20,0,0,180
19,250,20,23,0,0,160
20,260,20,28,0,0,150
21,230,20,14,0,0,130
22,240,20,13,0,0,130
23,240,20,-4,0,0,120
0,220,20,2,0,0,120
1,210,20,-3,0,0,120
2,210,30,5,0,0,110
3,210,30,6,0,0,110
4,210,30,9,0,0,110
5,190,30,2,0,0,120
6,200,30,6,0,0,130
7,190,30,1,0,4,150
8,190,30,9,0,20,160
9,190,30,24,0,45,150
10,180,30,38,7,66,130
11,200,40,56,9,102,130
12,190,40,69,10,114,120
13,200,40,75,10,106,120
14,200,30,67,10,50,120
15,190,30,42,8,20,140
16,180,20,37,0,1,140
17,140,20,14,0,0,150
18,0,10,9,0,0,180
19,0,0,-10,0,0,180
20,170,10,-13,0,0,160
21,150,10,-12,0,0,150
22,130,10,-20,0,0,140
23,160,10,-20,0,0,130
0,160,10,-22,0,0,140
1,40,10,-30,0,0,130
2,130,10,-21,0,0,120
3,160,10,-31,0,0,120
4,150,10,-40,0,0,110
5,70,10,-40,0,0,120
6,30,10,-37,0,0,130
7,30,10,-33,3,6,140
8,90,10,-9,10,52,150
9,110,20,22,10,101,140
10,110,30,41,10,115,130
11,130,20,54,10,131,120
12,130,30,59,10,130,110
13,110,40,58,10,110,100
14,110,40,55,10,76,110
15,120,30,40,8,33,120
16,90,20,16,0,1,140
17,80,20,-9,0,0,150
18,60,20,-1,0,0,160
19,80,10,-17,0,0,160
20,90,20,-5,0,0,160
21,100,20,-17,0,0,150
22,90,10,-39,0,0,140
23,100,10,-34,0,0,130
0,110,20,-37,0,0,130
1,100,20,-35,0,0,130
2,130,20,-22,0,0,120
3,40,10,-44,0,0,120
4,110,10,-48,0,0,120
5,90,10,-50,0,0,120
6,120,10,-52,0,0,130
7,120,10,-38,3,14,140
8,130,10,-17,10,68,140
9,150,10,3,10,114,140
10,180,20,25,10,163,130
11,200,10,38,10,133,130
12,140,10,44,10,131,120
13,150,20,48,10,113,110
14,130,20,52,10,79,110
15,110,10,32,8,33,120
16,110,10,5,0,2,140
17,110,10,-16,0,0,160
18,0,10,-21,0,0,170
19,0,0,-34,0,0,170
20,0,10,-34,0,0,170
21,0,0,-43,0,0,160
22,170,10,-40,0,0,150
23,190,10,-46,0,0,130
0,170,10,-56,0,0,130
1,190,20,-31,0,0,130
2,240,10,-54,0,0,120
3,180,20,-33,0,0,120
4,250,10,-47,0,0,120
5,190,10,-47,0,0,130
6,0,10,-56,0,0,160
7,990,10,-43,5,11,210
8,180,20,-4,10,54,240
9,210,30,18,10,100,180
10,210,20,30,10,115,150
11,190,30,45,10,132,130
12,200,40,57,10,130,120
13,210,30,61,10,111,120
14,200,30,58,10,76,120
15,190,20,47,8,33,130
16,160,20,20,0,2,150
17,180,20,19,0,0,190
18,210,20,11,0,0,200
19,200,20,2,0,0,200
20,210,10,-14,0,0,170
21,200,20,11,0,0,150
22,170,20,14,0,0,140
23,190,20,19,0,0,140
0,180,30,18,0,0,130
1,180,30,17,0,0,130
2,190,40,16,0,0,120
3,200,40,8,0,0,120
4,180,40,6,0,0,120
5,190,50,8,0,0,130
6,190,50,10,0,0,150
7,180,40,13,0,2,180
8,180,40,17,0,7,210
9,190,40,23,0,21,160
10,190,50,31,0,39,140
11,200,40,42,0,51,130
12,210,40,56,4,84,120
13,190,40,56,1,56,110
14,200,50,58,5,51,120
15,220,40,39,10,36,120
16,210,40,18,0,3,120
17,200,30,1,0,0,140
18,200,30,-3,0,0,180
19,200,40,5,0,0,170
20,210,40,3,0,0,150
21,200,50,7,0,0,130
22,200,50,13,0,0,140
23,200,40,18,0,0,140
0,210,40,22,0,0,130
1,210,40,25,0,0,120
2,210,40,27,0,0,120
3,220,30,30,0,0,120
4,210,30,31,0,0,120
5,230,30,36,0,0,120
6,220,30,36,0,0,140
7,230,30,40,0,3,170
8,240,30,42,0,15,180
9,240,30,45,0,29,160
10,240,30,51,0,41,150
11,230,20,57,0,51,140
12,240,20,60,0,33,130
13,220,20,61,0,32,130
14,200,20,62,0,22,130
15,200,20,57,3,15,140
16,190,20,40,0,4,150
17,200,30,45,0,0,180
18,200,30,39,0,0,190
19,180,20,36,0,0,190
20,190,20,34,0,0,170
21,180,10,32,0,0,160
22,190,20,31,0,0,140
23,200,10,31,0,0,140
0,200,10,33,0,0,130
1,990,10,34,0,0,130
2,40,10,33,0,0,130
3,10,10,27,0,0,130
4,20,20,25,0,0,130
5,30,30,21,0,0,130
6,30,20,23,0,0,140
7,20,20,27,0,4,180
8,10,20,35,0,19,210
9,20,30,41,0,25,180
10,30,30,43,0,35,160
11,60,40,48,1,47,140
12,50,40,58,3,68,130
13,70,40,61,3,48,120
14,50,40,60,0,29,130
15,50,40,58,3,18,130
16,60,30,55,0,2,130
17,50,40,53,0,0,150
18,50,40,49,0,0,170
19,50,40,45,0,0,160
20,60,50,45,0,0,140
21,60,50,44,0,0,130
22,70,60,42,0,0,130
23,70,60,41,0,0,120
0,60,70,38,0,0,130
1,50,60,29,0,0,110
2,50,50,18,0,0,110
3,50,60,23,0,0,100
4,50,70,27,0,0,110
5,50,60,25,0,0,110
6,60,70,27,0,0,120
7,70,80,30,0,3,140
8,70,80,32,0,9,160
9,70,90,36,0,22,150
10,70,90,41,0,44,140
11,70,90,42,0,36,130
12,80,90,44,0,20,130
13,70,90,43,0,18,120
14,90,90,42,0,17,130
15,90,100,41,0,11,120
16,80,90,37,0,3,130
17,90,80,34,0,0,140
18,90,80,29,0,0,150
19,80,70,30,0,0,150
20,90,60,27,0,0,150
21,90,60,24,0,0,150
22,90,60,27,0,0,160
23,90,60,27,0,0,130
0,90,50,28,0,0,120
1,90,50,29,0,0,110
2,90,60,29,0,0,90
3,100,50,30,0,0,100
4,90,50,27,0,0,90
5,100,50,32,0,0,90
6,110,40,34,0,0,100
7,110,40,34,0,1,120
8,110,30,38,0,7,120
9,120,40,41,0,17,140
10,120,40,53,0,37,150
11,110,30,73,5,79,160
12,90,30,89,2,81,160
13,90,40,93,10,111,130
14,100,40,90,7,59,120
15,90,40,77,10,31,120
16,100,30,61,0,4,140
17,100,30,68,0,0,150
18,100,30,62,0,0,160
19,110,30,60,0,0,170
20,70,20,33,0,0,160
21,80,10,22,0,0,150
22,320,10,16,0,0,150
23,30,10,11,0,0,140
0,350,10,6,0,0,140
1,210,10,-7,0,0,140
2,0,0,-13,0,0,140
3,100,0,-11,0,0,120
4,150,10,-9,0,0,120
5,150,0,-12,0,0,120
6,0,10,-5,0,0,120
7,30,10,-7,0,5,130
8,10,10,10,0,21,140
9,0,10,22,0,44,120
10,330,10,34,0,50,120
11,10,20,39,0,54,130
12,20,20,42,0,60,150
13,360,20,44,0,51,140
14,20,30,45,0,30,110
15,60,30,43,3,20,120
16,50,20,38,0,3,140
17,70,20,30,0,0,150
18,30,20,24,0,0,160
19,30,20,23,0,0,180
20,50,30,31,0,0,160
21,60,40,29,0,0,140
22,60,40,27,0,0,140
23,70,50,22,0,0,140
0,50,40,20,0,0,130
1,60,40,18,0,0,130
2,60,40,18,0,0,130
3,60,50,12,0,0,120
4,60,40,7,0,0,120
5,60,40,6,0,0,130
6,60,50,8,0,0,150
7,60,50,7,0,5,170
8,70,60,12,0,19,180
9,60,60,13,0,21,160
10,60,60,16,0,20,170
11,60,60,23,0,52,180
12,70,70,28,0,45,170
13,70,60,29,0,22,150
14,70,70,28,0,12,130
15,70,70,20,0,4,130
16,70,60,14,0,1,140
17,70,60,18,0,0,140
18,80,60,22,0,0,180
19,70,60,25,0,0,220
20,80,60,27,0,0,200
21,70,50,30,0,0,190
22,70,60,22,0,0,190
23,70,60,19,0,0,160
0,70,60,22,0,0,140
1,80,70,24,0,0,150
2,90,50,25,0,0,140
3,120,30,28,0,0,130
4,110,30,32,0,0,120
5,170,40,20,0,0,120
6,170,50,11,0,0,130
7,170,40,11,0,3,140
8,170,50,12,0,8,160
9,180,50,16,0,16,160
10,170,50,19,0,19,200
11,160,40,23,0,17,190
12,180,30,37,0,16,170
13,170,50,41,0,13,150
14,170,60,40,0,7,140
15,170,50,40,0,4,140
16,160,40,40,0,1,150
17,170,40,40,0,0,160
18,170,40,39,0,0,170
19,170,40,37,0,0,200
20,170,30,37,0,0,180
21,180,30,34,0,0,160
22,180,30,34,0,0,150
23,170,20,32,0,0,130
0,170,20,32,0,0,130
1,170,20,31,0,0,130
2,170,20,29,0,0,130
3,170,20,28,0,0,130
4,150,10,28,0,0,130
5,160,20,27,0,0,130
6,180,20,27,0,0,150
7,180,20,26,0,3,160
8,190,20,31,0,9,180
9,220,20,35,0,17,170
10,210,10,39,0,32,160
11,220,20,45,0,36,150
12,220,20,49,0,40,140
13,230,10,50,0,38,140
14,230,10,50,0,17,150
15,220,10,47,0,11,160
16,220,10,42,0,1,170
17,200,10,31,0,0,170
18,220,20,29,0,0,200
19,220,10,30,0,0,190
20,210,10,32,0,0,180
21,210,20,30,0,0,160
22,270,10,28,0,0,150
23,270,10,29,0,0,140
0,340,20,29,0,0,140
1,330,30,24,0,0,130
2,330,30,25,0,0,140
3,350,40,22,0,0,130
4,10,40,18,0,0,130
5,10,50,13,0,0,140
6,20,50,7,0,0,140
7,10,40,6,0,1,170
8,360,40,5,0,7,210
9,10,50,1,0,8,190
10,340,50,-4,0,13,190
11,20,50,-6,2,45,180
12,30,50,1,0,41,170
13,40,40,6,0,42,160
14,40,40,5,2,43,160
15,20,30,9,10,47,160
16,350,20,1,2,8,160
17,0,10,-2,0,0,180
18,140,10,-1,0,0,190
19,130,10,-3,0,0,200
20,210,10,-6,0,0,180
21,120,10,-8,0,0,160
22,250,10,-10,0,0,150
23,270,10,-11,0,0,140
0,0,10,-24,0,0,140
1,0,0,-30,0,0,130
2,340,0,-46,0,0,130
3,990,10,-49,0,0,120
4,0,0,-41,0,0,130
5,30,10,-53,0,0,140
6,10,10,-32,0,0,150
7,80,10,-20,0,6,180
8,0,10,-2,8,63,220
9,30,20,7,10,114,190
10,90,20,21,7,103,170
11,110,20,20,6,96,160
12,150,20,26,7,85,150
13,120,30,32,10,132,140
14,140,30,32,8,91,150
15,150,30,21,10,48,140
16,190,30,10,3,8,160
17,160,20,6,0,0,210
18,240,10,4,0,0,230
19,0,0,5,0,0,210
20,230,10,3,0,0,180
21,990,10,4,0,0,160
22,0,0,-1,0,0,150
23,90,10,-9,0,0,140
0,70,10,-17,0,0,130
1,0,0,-28,0,0,130
2,70,10,-35,0,0,120
3,120,20,-12,0,0,110
4,130,0,-19,0,0,110
5,990,10,-14,0,0,120
6,0,10,-11,0,0,130
7,90,10,-7,0,8,140
8,100,10,5,0,25,140
9,110,10,20,4,62,140
10,120,20,28,4,78,120
11,140,30,30,0,64,120
12,100,30,30,0,44,110
13,100,30,31,5,70,110
14,110,30,27,0,34,110
15,110,30,24,0,11,120
16,90,20,16,0,2,140
17,100,20,20,0,0,150
18,90,20,14,0,0,170
19,120,20,13,0,0,160
20,90,20,3,0,0,140
21,70,20,11,0,0,130
22,70,30,10,0,0,130
23,80,40,-6,0,0,120
0,80,30,-8,0,0,130
1,80,20,-11,0,0,130
2,50,20,-9,0,0,120
3,50,20,-12,0,0,120
4,60,30,-9,0,0,120
5,60,40,-10,0,0,120
6,60,40,-10,0,0,120
7,70,50,-7,0,11,130
8,70,50,0,3,46,130
9,70,60,8,5,69,130
10,80,60,26,10,140,120
11,80,70,28,10,147,120
12,80,70,36,10,158,120
13,80,70,38,10,140,110
14,70,70,35,10,106,110
15,70,70,27,10,59,120
16,70,60,14,3,13,130
17,60,40,8,0,0,140
18,60,50,3,0,0,160
19,70,50,-4,0,0,160
20,80,50,-10,0,0,150
21,70,40,-20,0,0,140
22,60,30,-28,0,0,140
23,60,30,-32,0,0,130
0,60,30,-40,0,0,130
1,60,20,-45,0,0,120
2,60,20,-43,0,0,120
3,50,20,-45,0,0,120
4,60,20,-47,0,0,130
5,70,20,-54,0,0,130
6,70,20,-55,0,1,150
7,80,20,-37,8,36,200
8,90,30,-20,10,96,210
9,90,30,-1,10,135,170
10,40,20,15,10,153,140
11,80,30,22,10,164,120
12,100,30,29,10,161,110
13,90,40,32,10,143,110
14,80,40,30,10,106,110
15,90,40,20,10,60,130
16,80,40,-12,3,9,140
17,60,30,-16,0,0,180
18,60,30,-13,0,0,240
19,70,30,-14,0,0,220
20,70,40,-22,0,0,180
21,60,20,-39,0,0,160
22,70,30,-30,0,0,140
23,70,30,-37,0,0,130
0,70,30,-43,0,0,130
1,70,20,-50,0,0,130
2,80,30,-47,0,0,120
3,90,30,-50,0,0,120
4,90,20,-52,0,0,110
5,80,30,-60,0,0,120
6,90,30,-57,0,1,130
7,90,30,-33,8,28,170
8,90,30,-18,10,70,190
9,90,40,1,10,117,140
10,90,50,14,10,150,120
11,120,60,23,10,166,110
12,100,60,26,10,166,100
13,100,60,33,10,141,90
14,100,60,27,10,127,100
15,100,60,21,10,66,110
16,90,60,3,3,12,130
17,90,50,-1,0,0,150
18,90,40,-9,0,0,170
19,100,40,-10,0,0,160
20,100,40,-10,0,0,140
21,100,50,-6,0,0,130
22,110,50,-5,0,0,120
23,100,40,-4,0,0,120
0,110,50,-3,0,0,110
1,110,50,-7,0,0,100
2,100,40,-11,0,0,100
3,110,40,-11,0,0,100
4,110,40,-12,0,0,100
5,110,50,-13,0,0,100
6,110,40,-13,0,1,120
7,110,40,-7,5,18,150
8,120,50,1,0,42,170
9,120,50,12,10,88,140
10,120,50,24,10,108,120
11,100,50,37,10,140,120
12,110,50,46,10,144,120
13,130,50,51,10,141,110
14,130,40,51,5,71,100
15,130,40,40,0,27,120
16,120,30,35,3,8,120
17,120,30,34,0,0,130
18,130,30,32,0,0,150
19,130,40,28,0,0,150
20,130,40,22,0,0,120
21,130,30,18,0,0,120
22,130,30,14,0,0,120
23,130,30,10,0,0,100
0,130,20,8,0,0,90
1,150,20,6,0,0,90
2,170,30,15,0,0,90
3,160,20,19,0,0,90
4,170,30,22,0,0,80
5,170,30,33,0,0,90
6,170,30,40,0,1,90
7,160,30,54,0,9,110
8,190,40,72,0,33,130
9,190,50,92,2,58,120
10,190,60,100,0,59,100
11,200,60,109,4,85,90
12,190,60,110,0,60,90
13,200,50,115,0,51,80
14,200,50,111,0,24,90
15,190,50,108,0,14,90
16,190,50,102,2,8,100
17,170,50,102,0,0,110
18,190,50,98,0,0,120
19,190,40,100,0,0,130
20,200,50,105,0,0,120
21,190,40,101,0,0,100
22,190,40,98,0,0,90
23,190,40,101,0,0,90
0,180,40,97,0,0,70
1,170,30,86,0,0,70
2,170,20,78,0,0,70
3,140,20,86,0,0,70
4,150,20,82,0,0,70
5,160,30,85,0,0,70
6,170,30,92,0,1,70
7,150,30,102,0,16,100
8,170,40,127,2,48,100
9,170,50,142,10,109,110
10,160,50,151,4,104,90
11,170,80,167,10,151,70
12,170,80,172,8,127,70
13,170,80,174,10,107,60
14,170,70,168,3,51,60
15,160,50,166,0,26,70
16,170,40,157,2,8,90
17,160,50,155,0,0,100
18,160,50,150,0,0,100
19,160,50,143,0,0,90
20,170,50,136,0,0,80
21,160,40,132,0,0,70
22,160,50,129,0,0,70
23,170,40,124,0,0,70
0,170,40,120,0,0,60
1,160,40,111,0,0,50
2,170,50,112,0,0,50
3,170,40,112,0,0,40
4,160,40,106,0,0,40
5,160,50,97,0,0,50
6,160,50,95,0,0,60
7,160,50,93,0,4,70
8,170,50,93,0,10,70
9,170,50,94,0,18,80
10,170,40,102,0,40,70
11,180,50,111,1,81,70
12,180,60,116,0,48,70
13,190,50,116,0,27,60
14,210,50,104,1,25,70
15,240,30,105,0,19,80
16,260,30,97,0,7,90
17,250,30,96,0,0,120
18,250,40,96,0,0,130
19,260,30,96,0,0,130
20,250,30,94,0,0,120
21,240,20,91,0,0,110
22,220,30,90,0,0,110
23,220,30,84,0,0,110
0,210,30,81,0,0,100
1,240,30,80,0,0,90
2,240,30,77,0,0,90
3,190,20,75,0,0,80
4,190,20,77,0,0,80
5,190,30,79,0,0,90
6,200,30,79,0,1,90
7,210,30,78,0,8,100
8,200,40,80,1,32,100
9,180,40,100,9,116,90
10,180,50,108,10,156,70
11,200,50,129,10,173,70
12,190,60,135,10,155,60
13,200,70,141,10,145,50
14,200,70,140,10,88,40
15,200,60,136,10,75,50
16,190,50,109,0,9,70
17,180,50,109,0,0,90
18,180,50,107,0,0,130
19,170,50,108,0,0,120
20,190,60,113,0,0,100
21,180,70,112,0,0,80
22,190,70,111,0,0,80
23,190,60,112,0,0,60
0,190,60,112,0,0,30
1,200,70,118,0,0,40
2,190,80,115,0,0,30
3,190,70,112,0,0,20
4,190,70,112,0,0,30
5,190,70,111,0,0,20
6,190,70,108,0,0,60
7,180,80,106,0,5,90
8,190,80,112,0,17,110
9,190,80,123,2,60,100
10,190,70,126,0,25,80
11,210,70,121,0,30,90
12,210,70,112,0,24,80
13,200,70,103,0,27,90
14,210,60,103,0,20,90
15,220,50,108,2,21,90
16,210,40,107,5,15,100
17,200,40,105,0,0,120
18,220,40,105,0,0,140
19,220,30,92,0,0,150
20,200,20,85,0,0,130
21,210,30,81,0,0,110
22,210,30,79,0,0,110
23,200,20,76,0,0,110
0,210,20,73,0,0,90
1,210,30,67,0,0,90
2,200,30,62,0,0,90
3,190,30,50,0,0,90
4,180,30,66,0,0,90
5,190,40,67,0,0,100
6,180,30,70,0,2,130
7,200,20,82,3,24,140
8,200,20,86,2,38,150
9,180,30,105,3,82,150
10,210,40,107,1,88,130
11,190,40,109,0,91,120
12,170,10,116,4,104,110
13,990,10,116,0,53,110
14,90,10,114,0,31,120
15,10,20,107,0,21,130
16,10,40,96,0,6,120
17,360,30,95,0,0,140
18,10,30,93,0,0,170
19,340,40,83,0,0,160
20,340,40,77,0,0,140
21,330,50,70,0,0,130
22,320,40,68,0,0,120
23,290,40,63,0,0,110
0,270,20,63,0,0,120
1,300,20,57,0,0,110
2,270,20,54,0,0,110
3,260,20,52,0,0,110
4,240,20,47,0,0,110
5,230,20,37,0,0,110
6,220,20,33,0,1,130
7,220,20,47,7,30,150
8,230,30,65,7,76,160
9,230,30,77,8,108,140
10,220,30,93,10,166,130
11,230,40,98,10,155,110
12,220,50,96,10,163,100
13,210,50,103,8,117,90
14,200,50,94,4,68,90
15,200,60,85,0,34,110
16,190,60,79,2,9,120
17,160,50,74,0,0,120
18,170,50,67,0,0,150
19,170,70,65,0,0,160
20,170,70,62,0,0,130
21,230,50,62,0,0,120
22,250,40,65,0,0,120
23,250,30,55,0,0,110
0,220,20,52,0,0,100
1,230,30,52,0,0,100
2,230,20,45,0,0,100
3,220,20,40,0,0,100
4,200,30,45,0,0,100
5,220,30,46,0,0,110
6,210,30,39,0,2,120
7,220,30,49,7,28,150
8,210,40,60,3,65,160
9,240,40,71,4,93,140
10,240,40,69,3,88,120
11,240,40,73,1,80,110
12,270,50,69,3,99,100
13,250,50,62,7,115,100
14,260,40,69,0,47,100
15,260,40,61,2,32,110
16,240,40,52,0,8,120
17,240,40,51,0,0,130
18,280,30,55,0,0,150
19,290,40,56,0,0,160
20,310,50,54,0,0,140
21,340,50,50,0,0,120
22,320,40,48,0,0,120
23,310,30,48,0,0,110
0,320,30,49,0,0,120
1,300,30,47,0,0,110
2,290,30,47,0,0,110
3,320,40,52,0,0,110
4,340,40,50,0,0,110
5,340,40,48,0,0,110
6,340,40,45,0,2,120
7,350,40,50,0,22,140
8,360,40,57,5,65,160
9,10,50,63,7,85,140
10,10,50,66,0,66,120
11,350,50,74,10,160,110
12,10,50,74,9,138,100
13,40,60,72,10,141,100
14,20,50,66,10,119,100
15,360,50,68,8,67,110
16,360,50,56,7,33,120
17,350,40,40,0,1,130
18,340,30,33,0,0,140
19,350,30,30,0,0,150
20,360,30,23,0,0,140
21,360,20,16,0,0,130
22,350,20,10,0,0,120
23,360,10,5,0,0,120
0,20,20,-10,0,0,130
1,360,20,-2,0,0,120
2,10,30,23,0,0,120
3,320,20,-3,0,0,110
4,60,10,7,0,0,110
5,80,10,12,0,0,110
6,320,10,16,0,2,120
7,10,20,39,0,18,130
8,10,30,47,0,44,130
9,20,40,53,0,56,130
10,30,50,57,0,72,120
11,50,40,64,2,101,100
12,30,40,62,4,119,100
13,50,40,57,0,68,90
14,80,40,56,0,45,80
15,70,40,51,0,23,90
16,100,40,37,3,15,110
17,110,20,20,0,1,130
18,130,20,16,0,0,140
19,170,10,-3,0,0,140
20,990,10,-12,0,0,130
21,0,10,-21,0,0,120
22,10,10,-23,0,0,120
23,10,10,-8,0,0,120
0,0,0,-24,0,0,120
1,990,10,-38,0,0,110
2,360,10,-43,0,0,100
3,0,10,-34,0,0,90
4,0,0,-36,0,0,90
5,0,10,-34,0,0,90
6,990,0,-41,2,4,100
7,30,10,-15,10,51,100
8,80,10,28,10,114,100
9,90,10,54,10,144,90
10,120,10,66,10,169,70
11,990,10,76,10,194,50
12,20,20,82,10,190,30
13,30,20,86,10,170,-10
14,10,30,81,10,135,-10
15,20,40,76,10,87,50
16,30,40,50,8,33,80
17,40,30,33,0,1,120
18,330,10,24,0,0,140
19,0,10,10,0,0,150
20,10,10,-13,0,0,130
21,0,10,-6,0,0,120
22,0,0,-17,0,0,120
23,0,0,-25,0,0,110
0,20,0,-26,0,0,110
1,20,10,-31,0,0,100
2,20,10,-28,0,0,100
3,20,0,-32,0,0,100
4,160,10,-27,0,0,100
5,0,10,-38,0,0,120
6,40,10,-30,3,11,140
7,0,10,7,10,63,160
8,180,10,38,10,110,150
9,990,10,64,10,144,120
10,360,10,81,10,177,100
11,990,10,92,10,193,70
12,990,10,95,10,189,10
13,990,20,102,10,168,40
14,30,20,98,10,131,60
15,40,20,93,10,83,90
16,20,20,70,8,31,110
17,30,10,49,0,1,140
18,0,10,32,0,0,170
19,0,10,18,0,0,180
20,0,0,2,0,0,150
21,30,0,-8,0,0,130
22,350,10,-18,0,0,130
23,10,10,-15,0,0,120
0,40,10,-6,0,0,120
1,0,10,-30,0,0,110
2,40,0,-33,0,0,100
3,0,0,-37,0,0,110
4,0,0,-40,0,0,100
5,0,0,-39,0,0,110
6,0,0,-42,2,5,140
7,0,0,-12,10,50,170
8,50,10,34,10,106,140
9,190,10,79,10,149,120
10,180,10,93,10,178,100
11,990,10,107,10,197,80
12,990,10,111,10,193,20
13,990,10,122,10,173,0
14,30,10,119,10,135,50
15,50,20,112,10,85,80
16,180,10,108,8,33,110
17,150,10,68,0,1,140
18,160,10,34,0,0,170
19,160,10,32,0,0,160
20,50,10,6,0,0,130
21,0,0,6,0,0,120
22,990,10,-14,0,0,110
23,990,0,-10,0,0,110
0,0,10,-18,0,0,90
1,190,10,-22,0,0,90
2,180,10,-34,0,0,90
3,180,10,-30,0,0,80
4,190,20,-41,0,0,80
5,180,20,-32,0,0,90
6,190,40,13,5,17,120
7,270,10,45,10,55,140
8,190,20,81,10,107,150
9,180,40,112,10,155,120
10,210,50,130,10,189,90
11,210,40,140,10,205,-20
12,190,40,147,10,201,-30
13,190,40,150,10,178,-10
14,200,30,152,10,140,0
15,200,30,145,10,90,50
16,190,30,116,8,35,80
17,170,20,87,0,2,120
18,180,10,53,0,0,140
19,190,10,32,0,0,150
20,190,10,31,0,0,120
21,190,10,21,0,0,110
22,190,10,7,0,0,110
23,200,10,6,0,0,100
0,190,10,6,0,0,80
1,190,20,-5,0,0,80
2,180,20,36,0,0,80
3,180,30,37,0,0,80
4,170,20,5,0,0,90
5,170,10,-3,0,0,90
6,170,20,30,3,9,130
7,180,20,65,10,52,140
8,190,30,99,10,107,110
9,190,40,126,10,152,80
10,180,40,141,7,151,50
11,180,30,163,10,206,0
12,180,40,166,10,197,-10
13,200,60,171,10,178,0
14,210,60,170,10,143,10
15,210,50,164,10,94,60
16,220,20,149,8,38,100
17,100,10,101,0,2,130
18,140,10,63,0,0,140
19,160,10,72,0,0,150
20,160,10,43,0,0,130
21,150,10,50,0,0,100
22,170,20,60,0,0,100
23,170,20,65,0,0,90
0,160,20,61,0,0,80
1,180,20,61,0,0,80
2,150,20,43,0,0,80
3,170,20,45,0,0,80
4,180,30,51,0,0,90
5,170,30,50,0,0,100
6,180,30,58,3,9,110
7,170,30,91,10,53,140
8,170,30,111,9,94,120
9,160,40,134,10,153,80
10,170,40,152,10,183,60
11,180,40,159,10,199,30
12,170,50,164,10,195,10
13,180,50,171,10,175,10
14,200,50,166,10,126,30
15,170,40,158,10,81,70
16,130,20,145,8,27,100
17,110,20,106,0,3,110
18,120,20,82,0,0,160
19,110,10,53,0,0,160
20,120,20,99,0,0,130
21,120,20,55,0,0,110
22,120,30,77,0,0,100
23,120,20,60,0,0,100
0,130,10,43,0,0,110
1,100,10,44,0,0,100
2,0,10,35,0,0,90
3,110,10,16,0,0,90
4,100,20,25,0,0,90
5,100,10,17,0,0,90
6,80,10,31,3,10,110
7,120,20,83,10,54,100
8,110,30,116,10,106,100
9,100,40,145,10,153,70
10,130,40,165,10,187,20
11,80,30,179,10,201,0
12,90,50,185,10,201,-10
13,100,50,188,10,180,0
14,100,60,184,10,141,0
15,100,50,177,10,92,40
16,110,40,162,10,36,80
17,80,20,138,0,2,120
18,60,20,111,0,0,130
19,80,20,99,0,0,110
20,60,10,66,0,0,90
21,80,20,61,0,0,80
22,70,20,48,0,0,80
23,80,10,57,0,0,80
0,100,20,31,0,0,80
1,110,20,46,0,0,80
2,80,10,30,0,0,80
3,80,10,15,0,0,80
4,90,10,19,0,0,90
5,50,10,14,0,0,90
6,80,20,26,3,11,90
7,90,20,86,10,55,80
8,100,30,117,10,109,60
9,120,30,140,10,154,30
10,90,30,150,10,183,10
11,100,30,175,10,189,-10
12,90,40,182,10,199,-20
13,100,40,182,10,170,-10
14,80,40,185,10,116,0
15,90,40,178,10,103,20
16,70,30,159,10,44,80
17,60,30,134,0,4,100
18,60,20,111,0,0,120
19,70,10,105,0,0,130
20,30,10,90,0,0,130
21,20,10,79,0,0,120
22,10,10,60,0,0,110
23,20,10,58,0,0,100
0,20,20,54,0,0,90
1,20,10,42,0,0,90
2,30,10,35,0,0,90
3,20,20,33,0,0,90
4,20,20,38,0,0,90
5,20,20,40,0,0,100
6,30,20,41,3,12,130
7,30,20,70,10,59,140
8,20,20,99,10,114,130
9,20,20,130,10,159,100
10,10,30,148,10,191,80
11,20,40,163,10,204,80
12,70,40,170,10,200,80
13,20,30,174,10,175,80
14,20,30,168,10,137,80
15,20,40,158,10,90,90
16,20,30,136,10,38,110
17,350,30,114,0,3,120
18,350,30,96,0,0,150
19,350,30,85,0,0,160
20,360,30,70,0,0,130
21,360,30,59,0,0,120
22,350,20,51,0,0,100
23,360,10,31,0,0,100
0,340,20,24,0,0,100
1,360,30,43,0,0,100
2,360,30,37,0,0,100
3,360,40,39,0,0,100
4,360,50,45,0,0,100
5,350,50,48,0,0,100
6,350,40,53,0,3,100
7,350,40,62,0,12,130
8,360,40,67,0,24,130
9,350,50,74,0,51,120
10,340,40,73,0,51,100
11,350,40,76,0,61,100
12,340,50,72,0,44,90
13,340,50,74,0,48,100
14,330,40,82,8,117,100
15,310,50,80,5,73,110
16,340,40,59,10,31,120
17,320,30,53,0,4,120
18,320,30,38,0,0,150
19,290,20,31,0,0,170
20,270,20,22,0,0,140
21,260,20,7,0,0,130
22,250,20,12,0,0,120
23,240,20,-3,0,0,110
0,250,20,-8,0,0,100
1,230,10,-19,0,0,100
2,210,10,-23,0,0,100
3,220,10,-23,0,0,100
4,240,20,5,0,0,100
5,220,10,-22,0,0,100
6,240,20,22,5,18,120
7,250,20,38,3,41,130
8,250,20,51,2,66,140
9,280,30,65,2,108,120
10,280,40,68,5,140,100
11,290,50,51,0,79,100
12,270,30,71,2,97,100
13,310,40,75,1,64,100
14,320,50,73,4,86,100
15,310,50,75,8,81,110
16,320,40,65,7,32,120
17,300,30,38,0,5,130
18,290,20,28,0,0,170
19,260,20,23,0,0,180
20,270,20,-9,0,0,150
21,280,10,-15,0,0,130
22,220,10,-16,0,0,120
23,180,10,-17,0,0,110
0,290,10,-19,0,0,110
1,270,10,0,0,0,100
2,0,10,-7,0,0,100
3,190,10,-3,0,0,100
4,290,10,6,0,0,100
5,0,10,10,0,0,100
6,30,10,20,5,15,130
7,30,10,35,0,34,160
8,360,20,48,4,85,160
9,50,20,66,5,140,140
10,330,30,64,9,214,120
11,350,30,67,3,99,110
12,340,40,71,2,121,110
13,350,30,71,0,76,100
14,340,30,60,2,52,110
15,10,40,56,0,14,110
16,340,20,58,0,15,110
17,340,30,55,0,2,130
18,360,40,51,0,0,170
19,360,30,48,0,0,170
20,360,40,39,0,0,150
21,350,30,18,0,0,140
22,340,20,6,0,0,120
23,340,20,-5,0,0,110
0,330,10,-15,0,0,110
1,310,10,-30,0,0,110
2,0,10,-31,0,0,110
3,230,10,-45,0,0,100
4,230,10,-47,0,0,110
5,0,10,-58,0,0,110
6,240,10,-31,8,39,140
7,330,10,24,10,99,160
8,20,20,42,10,131,150
9,40,30,50,10,172,130
10,20,30,59,4,110,110
11,20,30,56,4,127,110
12,340,30,60,4,132,110
13,360,50,54,0,45,100
14,30,40,56,0,54,110
15,20,30,55,0,31,110
16,40,30,51,2,18,120
17,20,20,38,2,8,130
18,360,20,32,0,0,140
19,360,30,14,0,0,150
20,20,40,1,0,0,130
21,10,40,-4,0,0,110
22,10,40,-2,0,0,110
23,10,30,-13,0,0,110
0,20,20,-23,0,0,110
1,10,20,-17,0,0,100
2,10,30,-17,0,0,100
3,20,30,-20,0,0,90
4,20,20,-16,0,0,90
5,20,20,-6,0,0,90
6,30,40,15,0,10,100
7,50,50,24,2,45,100
8,40,50,37,7,107,100
9,50,60,42,2,92,90
10,50,70,61,7,168,70
11,50,70,79,9,219,70
12,70,70,78,9,218,60
13,70,70,82,6,131,50
14,50,70,71,8,121,50
15,60,70,68,7,92,60
16,40,60,55,2,16,80
17,30,50,40,2,5,110
18,30,50,34,0,0,130
19,20,30,16,0,0,130
20,20,30,16,0,0,120
21,20,40,13,0,0,110
22,20,40,3,0,0,110
23,10,40,2,0,0,100
0,10,40,-2,0,0,90
1,10,40,-7,0,0,90
2,10,40,-12,0,0,80
3,10,30,-18,0,0,80
4,10,30,-17,0,0,80
5,360,30,-20,0,0,80
6,20,30,-7,7,22,90
7,20,30,23,10,76,80
8,50,40,51,10,133,80
9,50,50,74,10,179,60
10,30,50,79,10,209,20
11,10,50,89,9,205,0
12,20,50,88,10,214,-20
13,20,50,95,10,204,-10
14,20,50,94,10,168,0
15,10,60,86,10,118,30
16,360,60,73,10,59,70
17,360,60,56,2,9,110
18,360,40,42,0,0,120
19,350,20,21,0,0,140
20,360,20,49,0,0,140
21,30,20,48,0,0,120
22,350,20,55,0,0,110
23,350,30,50,0,0,100
0,340,20,51,0,0,110
1,10,20,52,0,0,100
2,20,30,48,0,0,90
3,30,40,46,0,0,80
4,30,30,45,0,0,90
5,40,40,45,0,0,100
6,70,30,49,0,11,140
7,50,30,53,0,33,150
8,50,40,63,0,63,150
9,70,40,83,10,175,120
10,90,50,87,9,188,90
11,90,60,99,8,178,90
12,70,70,91,9,206,90
13,90,60,103,10,210,80
14,80,60,100,10,161,50
15,100,60,93,10,116,70
16,70,60,85,10,59,90
17,60,50,67,2,10,130
18,70,50,55,0,0,150
19,60,40,49,0,0,170
20,60,40,43,0,0,140
21,70,40,32,0,0,120
22,90,40,18,0,0,110
23,100,30,14,0,0,90
0,90,30,12,0,0,90
1,80,30,-3,0,0,90
2,80,30,-10,0,0,90
3,80,30,-14,0,0,90
4,80,30,-15,0,0,90
5,90,40,-9,0,1,110
6,90,40,14,10,29,140
7,100,50,39,10,87,140
8,100,50,56,10,145,110
9,110,60,76,10,192,70
10,110,60,87,10,224,20
11,90,70,98,10,239,-10
12,100,70,105,10,235,-20
13,90,70,111,10,213,0
14,90,70,117,10,174,10
15,90,70,113,10,122,40
16,90,70,105,10,63,80
17,90,50,76,2,11,120
18,80,40,46,0,0,140
19,90,30,55,0,0,160
20,90,20,54,0,0,140
21,110,30,44,0,0,120
22,120,30,36,0,0,110
23,120,20,23,0,0,100
0,120,30,18,0,0,110
1,130,20,17,0,0,100
2,110,20,-14,0,0,100
3,120,20,8,0,0,100
4,110,20,-15,0,0,100
5,100,20,-16,0,1,120
6,110,20,30,8,29,150
7,130,20,61,10,84,150
8,140,20,93,10,140,110
9,150,30,120,10,185,80
10,150,20,141,10,217,30
11,140,30,155,10,231,0
12,180,40,166,10,227,0
13,190,40,173,10,205,0
14,180,30,175,10,165,0
15,210,20,178,10,113,60
16,190,30,160,10,59,90
17,130,20,120,3,10,130
18,0,10,87,0,0,190
19,130,10,79,0,0,190
20,130,10,60,0,0,140
21,100,10,43,0,0,120
22,180,10,56,0,0,110
23,160,20,78,0,0,110
0,170,20,79,0,0,100
1,170,20,60,0,0,90
2,180,20,64,0,0,90
3,180,20,58,0,0,90
4,190,20,54,0,0,80
5,200,20,22,0,1,100
6,180,10,67,8,29,130
7,190,20,101,7,75,130
8,200,20,132,10,136,100
9,160,20,152,10,182,70
10,210,20,167,10,213,30
11,210,20,177,10,225,0
12,180,20,182,10,221,0
13,230,20,182,10,198,0
14,180,10,187,10,159,10
15,180,20,184,10,113,60
16,180,10,174,10,50,90
17,20,10,143,3,9,130
18,40,20,115,0,0,170
19,50,20,96,0,0,170
20,70,10,101,0,0,130
21,90,20,106,0,0,120
22,30,20,83,0,0,110
23,80,20,79,0,0,100
0,90,20,68,0,0,110
1,80,20,65,0,0,90
2,50,20,50,0,0,90
3,80,20,65,0,0,90
4,110,20,75,0,0,90
5,100,30,50,0,1,100
6,100,30,89,7,28,120
7,110,30,115,10,85,120
8,100,50,146,10,144,90
9,110,50,180,10,173,70
10,120,70,190,10,194,40
11,120,80,205,10,219,10
12,140,70,208,10,197,0
13,110,70,216,10,176,0
14,120,70,216,10,129,0
15,120,70,214,7,79,10
16,120,60,205,10,42,40
17,130,50,194,3,9,80
18,120,50,190,0,0,100
19,130,50,183,0,0,80
20,130,40,180,0,0,70
21,130,30,172,0,0,50
22,120,40,171,0,0,30
23,110,40,168,0,0,20
0,120,40,164,0,0,30
1,100,30,149,0,0,20
2,170,30,136,0,0,10
3,100,30,133,0,0,10
4,70,30,129,0,0,10
5,90,30,122,0,1,20
6,100,40,129,0,16,10
7,110,40,141,0,48,20
8,120,40,152,0,71,40
9,130,40,166,2,107,40
10,170,40,186,8,191,30
11,190,50,182,7,192,30
12,160,50,176,0,93,20
13,180,50,169,0,59,0
14,150,40,176,4,85,0
15,140,30,182,5,74,20
16,170,50,172,8,45,40
17,110,20,144,2,6,70
18,100,10,127,0,0,120
19,110,20,140,0,0,150
20,100,20,126,0,0,90
21,110,30,132,0,0,80
22,110,30,123,0,0,70
23,110,30,117,0,0,70
